{"cameraMode":{"drawMode":0,"name":"Shaded","section":"Shading Mode"},"sceneLighting":true,"audioPlay":false,"sceneViewState":{"m_AlwaysRefresh":false,"showFog":true,"showSkybox":true,"showFlares":true,"showImageEffects":true,"showParticleSystems":true,"showVisualEffectGraphs":true,"m_FxEnabled":true},"in2DMode":false,"pivot":{"x":0.32621148228645327,"y":5.202856063842773,"z":-5.287900924682617},"rotation":{"x":0.23096328973770142,"y":-0.08597570657730103,"z":0.020494045689702035,"w":0.9689410924911499},"size":9.463093757629395,"orthographic":false}