{"cameraMode":{"drawMode":0,"name":"Shaded","section":"Shading Mode"},"sceneLighting":false,"audioPlay":false,"sceneViewState":{"m_AlwaysRefresh":false,"showFog":true,"showSkybox":false,"showFlares":true,"showImageEffects":true,"showParticleSystems":true,"showVisualEffectGraphs":true,"m_FxEnabled":true},"in2DMode":false,"pivot":{"x":2.4785666465759279,"y":2.429004669189453,"z":0.2791707515716553},"rotation":{"x":0.38472408056259158,"y":-0.08977847546339035,"z":0.03762993589043617,"w":0.9178852438926697},"size":3.5471630096435549,"orthographic":false}