{"cameraMode":{"drawMode":0,"name":"Shaded","section":"Shading Mode"},"sceneLighting":false,"audioPlay":false,"sceneViewState":{"m_AlwaysRefresh":false,"showFog":true,"showSkybox":false,"showFlares":true,"showImageEffects":true,"showParticleSystems":true,"showVisualEffectGraphs":true,"m_FxEnabled":true},"in2DMode":false,"pivot":{"x":2.433924436569214,"y":1.2465697526931763,"z":-1.633786678314209},"rotation":{"x":0.23249173164367677,"y":-0.17252770066261292,"z":0.041946206241846088,"w":0.9562544822692871},"size":0.8019157648086548,"orthographic":false}